{"avg_note":{"edu":5.5328849028,"sg":5.1851851852,"com":5.5126705653,"cn":5.18,"gr":4.3333333333,"uk":5.328125,"at":5.2,"nl":5.9166666667,"ca":5.2361111111,"fr":5.6547619048,"in":5.1666666667,"hk":5.2222222222,"nz":4.0,"de":5.3684210526,"ch":5.3095238095,"tw":5.037037037,"au":5.8571428571,"kr":5.1875,"ru":5.6666666667,"es":5.0555555555,"gov":3.7777777778,"ai":5.2962962963,"br":3.6666666667,"io":5.0,"jp":5.7142857143,"cc\/2018\/Conference\/Paper239\/Authors":4.6666666667,"il":6.1333333333,"mil":4.0,"org":5.5256410256,"se":5.1666666667,"one":5.0,"it":5.6666666666,"tr":4.3333333333,"cat":5.3333333333,"be":5.3333333333,"eg":3.6666666667,"sa":5.6666666667,"dk":4.4166666667,"net":5.4444444445,"eu":4.6666666667,"no":3.0,"name":4.3333333333,"pt":6.2222222222,"cc":5.6666666667,"me":6.0,"eus":6.0,"pl":3.0},"avg_oral":{"edu":7.2380952381,"sg":0.0,"com":7.1458333333,"cn":6.5555555555,"gr":0.0,"uk":0.0,"at":0.0,"nl":8.0,"ca":8.0,"fr":0.0,"in":0.0,"hk":0.0,"nz":0.0,"de":8.0,"ch":0.0,"tw":0.0,"au":7.0,"kr":0.0,"ru":0.0,"es":0.0,"gov":0.0,"ai":0.0,"br":0.0,"io":0.0,"jp":7.1666666667,"cc\/2018\/Conference\/Paper239\/Authors":0.0,"il":8.0,"mil":0.0,"org":0.0,"se":0.0,"one":0.0,"it":0.0,"tr":0.0,"cat":0.0,"be":0.0,"eg":0.0,"sa":0.0,"dk":0.0,"net":0.0,"eu":0.0,"no":0.0,"name":0.0,"pt":0.0,"cc":0.0,"me":0.0,"eus":0.0,"pl":0.0},"avg_poster":{"edu":6.5010351967,"sg":6.1666666667,"com":6.4853195164,"cn":6.5238095238,"gr":0.0,"uk":6.28,"at":6.3333333333,"nl":6.9444444444,"ca":6.6041666667,"fr":6.75,"in":6.7777777778,"hk":6.6666666667,"nz":0.0,"de":6.5,"ch":6.3703703704,"tw":0.0,"au":6.3333333333,"kr":6.3888888889,"ru":6.3333333333,"es":6.1666666667,"gov":0.0,"ai":7.1666666667,"br":0.0,"io":6.3333333333,"jp":6.5714285714,"cc\/2018\/Conference\/Paper239\/Authors":0.0,"il":6.8333333333,"mil":0.0,"org":6.6296296296,"se":0.0,"one":0.0,"it":6.5,"tr":0.0,"cat":0.0,"be":0.0,"eg":0.0,"sa":0.0,"dk":5.6666666667,"net":6.6666666667,"eu":0.0,"no":0.0,"name":0.0,"pt":6.3333333333,"cc":5.6666666667,"me":6.0,"eus":6.0,"pl":0.0},"avg_reject":{"edu":4.7522522522,"sg":4.8666666667,"com":4.7243589744,"cn":4.6444444444,"gr":4.3333333333,"uk":4.6486486486,"at":4.4444444444,"nl":4.2666666667,"ca":4.24,"fr":4.9047619048,"in":4.3333333333,"hk":4.5,"nz":4.0,"de":4.7826086957,"ch":4.7058823529,"tw":5.037037037,"au":5.0,"kr":4.3703703704,"ru":5.0,"es":4.5,"gov":3.7777777778,"ai":4.0833333333,"br":3.2222222222,"io":4.0,"jp":4.8148148148,"cc\/2018\/Conference\/Paper239\/Authors":4.6666666667,"il":4.8888888889,"mil":4.0,"org":4.8888888889,"se":5.1666666667,"one":5.0,"it":4.8888888889,"tr":4.3333333333,"cat":5.3333333333,"be":5.3333333333,"eg":3.6666666667,"sa":5.6666666667,"dk":4.0,"net":4.8333333333,"eu":4.6666666667,"no":3.0,"name":4.3333333333,"pt":0.0,"cc":0.0,"me":0.0,"eus":0.0,"pl":3.0},"avg_workshop":{"edu":5.4013605442,"sg":5.0,"com":5.3106060606,"cn":5.4333333333,"gr":0.0,"uk":6.0,"at":0.0,"nl":0.0,"ca":5.2777777778,"fr":4.3333333333,"in":5.6666666667,"hk":0.0,"nz":0.0,"de":5.25,"ch":5.6666666667,"tw":0.0,"au":0.0,"kr":5.3333333333,"ru":0.0,"es":0.0,"gov":0.0,"ai":5.6666666667,"br":5.0,"io":4.6666666667,"jp":5.4444444444,"cc\/2018\/Conference\/Paper239\/Authors":0.0,"il":5.6666666667,"mil":0.0,"org":5.3333333333,"se":0.0,"one":0.0,"it":6.3333333333,"tr":0.0,"cat":0.0,"be":0.0,"eg":0.0,"sa":0.0,"dk":0.0,"net":0.0,"eu":0.0,"no":0.0,"name":0.0,"pt":6.0,"cc":0.0,"me":0.0,"eus":0.0,"pl":0.0},"nb_oral":{"edu":14,"sg":0,"com":16,"cn":3,"gr":0,"uk":0,"at":0,"nl":1,"ca":1,"fr":0,"in":0,"hk":0,"nz":0,"de":1,"ch":0,"tw":0,"au":1,"kr":0,"ru":0,"es":0,"gov":0,"ai":0,"br":0,"io":0,"jp":2,"cc\/2018\/Conference\/Paper239\/Authors":0,"il":1,"mil":0,"org":0,"se":0,"one":0,"it":0,"tr":0,"cat":0,"be":0,"eg":0,"sa":0,"dk":0,"net":0,"eu":0,"no":0,"name":0,"pt":0,"cc":0,"me":0,"eus":0,"pl":0},"nb_paper":{"edu":446,"sg":9,"com":513,"cn":50,"gr":2,"uk":64,"at":5,"nl":12,"ca":48,"fr":28,"in":12,"hk":6,"nz":1,"de":38,"ch":28,"tw":9,"au":7,"kr":16,"ru":4,"es":6,"gov":3,"ai":9,"br":4,"io":3,"jp":21,"cc\/2018\/Conference\/Paper239\/Authors":1,"il":10,"mil":1,"org":26,"se":2,"one":1,"it":6,"tr":3,"cat":1,"be":1,"eg":1,"sa":1,"dk":4,"net":3,"eu":2,"no":1,"name":1,"pt":3,"cc":1,"me":1,"eus":1,"pl":1},"nb_poster":{"edu":161,"sg":2,"com":193,"cn":7,"gr":0,"uk":25,"at":2,"nl":6,"ca":16,"fr":12,"in":3,"hk":2,"nz":0,"de":10,"ch":9,"tw":0,"au":3,"kr":6,"ru":2,"es":2,"gov":0,"ai":2,"br":0,"io":1,"jp":7,"cc\/2018\/Conference\/Paper239\/Authors":0,"il":4,"mil":0,"org":9,"se":0,"one":0,"it":2,"tr":0,"cat":0,"be":0,"eg":0,"sa":0,"dk":1,"net":1,"eu":0,"no":0,"name":0,"pt":2,"cc":1,"me":1,"eus":1,"pl":0},"nb_reject":{"edu":222,"sg":5,"com":260,"cn":30,"gr":2,"uk":37,"at":3,"nl":5,"ca":25,"fr":14,"in":7,"hk":4,"nz":1,"de":23,"ch":17,"tw":9,"au":3,"kr":9,"ru":2,"es":4,"gov":3,"ai":4,"br":3,"io":1,"jp":9,"cc\/2018\/Conference\/Paper239\/Authors":1,"il":3,"mil":1,"org":15,"se":2,"one":1,"it":3,"tr":3,"cat":1,"be":1,"eg":1,"sa":1,"dk":3,"net":2,"eu":2,"no":1,"name":1,"pt":0,"cc":0,"me":0,"eus":0,"pl":1},"nb_workshop":{"edu":49,"sg":2,"com":44,"cn":10,"gr":0,"uk":2,"at":0,"nl":0,"ca":6,"fr":2,"in":2,"hk":0,"nz":0,"de":4,"ch":2,"tw":0,"au":0,"kr":1,"ru":0,"es":0,"gov":0,"ai":3,"br":1,"io":1,"jp":3,"cc\/2018\/Conference\/Paper239\/Authors":0,"il":2,"mil":0,"org":2,"se":0,"one":0,"it":1,"tr":0,"cat":0,"be":0,"eg":0,"sa":0,"dk":0,"net":0,"eu":0,"no":0,"name":0,"pt":1,"cc":0,"me":0,"eus":0,"pl":0},"acceptance_rate":{"edu":0.3923766816,"sg":0.2222222222,"com":0.4074074074,"cn":0.2,"gr":0.0,"uk":0.390625,"at":0.4,"nl":0.5833333333,"ca":0.3541666667,"fr":0.4285714286,"in":0.25,"hk":0.3333333333,"nz":0.0,"de":0.2894736842,"ch":0.3214285714,"tw":0.0,"au":0.5714285714,"kr":0.375,"ru":0.5,"es":0.3333333333,"gov":0.0,"ai":0.2222222222,"br":0.0,"io":0.3333333333,"jp":0.4285714286,"cc\/2018\/Conference\/Paper239\/Authors":0.0,"il":0.5,"mil":0.0,"org":0.3461538462,"se":0.0,"one":0.0,"it":0.3333333333,"tr":0.0,"cat":0.0,"be":0.0,"eg":0.0,"sa":0.0,"dk":0.25,"net":0.3333333333,"eu":0.0,"no":0.0,"name":0.0,"pt":0.6666666667,"cc":1.0,"me":1.0,"eus":1.0,"pl":0.0}}